{
  "Criminal Law": 0.33614896169075736,
  "Civil Law": 0.44501828509181446,
  "Family Law": 0.35579982481062705,
  "Labour": 0.5111111111111112,
  "Property Law": 0.29961389961389956,
  "Business Law": 0.3232668566001899,
  "Taxation": 0.611111111111111,
  "Constitutional Law": 0.225,
  "Intellectual Property": 0.0,
  "Consumer Law": 0.0
}